GridNo,Latitude,Longitude,Identity,PreyBase,Predators,ForestCover_Water,HumanDisturbance,OtherSpecies,Payoff_prey,Payoff_predator,Payoff_forest,Payoff_human,Payoff_other,p_prey,p_predator,p_forest,p_human,p_other,Score_prey,Score_predator,Score_forest,Score_human,Score_other,Net_score_grid,Rank,mycolor,habitat
1,18.5,72.5,0,6.233333333,6.233333333,0,3.5,4.209090909,6.233333333,6.233333333,0,3.5,4.209090909,-6,-6,6,6,1,-37.4,-37.4,0,21,4.209090909,-247.9545455,194,Yellow,-1
2,19.5,72.5,0,0.466666667,0,0,0,4.464285714,0.466666667,6.233333333,0,0,4.464285714,6,6,6,6,1,2.800000002,37.4,0,0,4.464285714,223.3214286,86,Brown,-1
3,20.5,72.5,0,1.133333333,0,0,0,5.5,1.133333333,6.233333333,0,0,5.5,6,6,6,6,-6,6.799999998,37.4,0,0,-33,55.99999999,123,Blue,-1
4,21.5,72.5,0,0.433333333,0,4.733333333,0,5.241666667,0.433333333,6.233333333,4.733333333,0,5.241666667,6,6,1,6,-6,2.599999998,37.4,4.733333333,0,-31.45,66.41666666,119,Pink,-1
5,29.5,72.5,0,3.566666667,0,4.316666667,0,3.76,3.566666667,6.233333333,4.316666667,0,3.76,1,6,1,6,1,3.566666667,37.4,4.316666667,0,3.76,245.2166667,66,Brown,-1
6,30.5,72.5,0,0,0,0,0,3.66,0,6.233333333,0,0,3.66,6,6,6,6,1,0,37.4,0,0,3.66,205.3,99,Pink,-1
7,22.5,72.5,F11,3.52,3.52,6.944444444,0.4,23,3.52,6.233333333,6.944444444,0.4,23,1,6,-6,6,-6,3.52,37.4,-41.66666666,2.4,-138,-681.7333333,225,Black,-1
8,23.5,72.5,F12,5.6,5.6,17.25,0.8,7.666666667,5.6,6.233333333,17.25,0.8,7.666666667,-6,-6,-6,6,-6,-33.6,-37.4,-103.5,4.8,-46,-1078.5,231,Black,-1
9,24.5,72.5,F13,4.56,4.56,1.722222222,0,6.955555556,4.56,6.233333333,1.722222222,0,6.955555556,1,6,6,6,-6,4.56,37.4,10.33333333,0,-41.73333334,52.79999995,128,Blue,-1
10,25.5,72.5,F14,5.98,5.98,4.833333333,0,1.166666667,5.98,6.233333333,4.833333333,0,1.166666667,-6,-6,1,6,6,-35.88,-37.4,4.833333333,0,7.000000002,-307.2333333,198,Yellow,-1
11,26.5,72.5,F15,4.665,4.665,3.517156863,0.65,6.71875,4.665,6.233333333,3.517156863,0.65,6.71875,1,6,1,6,-6,4.665,37.4,3.517156863,3.9,-40.3125,45.84828432,132,Blue,-1
12,27.5,72.5,F16,5.028571429,5.028571429,17.16666667,0,6.821428571,5.028571429,6.233333333,17.16666667,0,6.821428571,-6,3,-6,6,-6,-30.17142857,18.7,-103,0,-40.92857143,-777,229,Black,-1
13,28.5,72.5,F17,5.326666667,5.326666667,11.88888889,0,15.3125,5.326666667,6.233333333,11.88888889,0,15.3125,-6,3,-6,6,-6,-31.96,18.7,-71.33333334,0,-91.875,-882.3416667,230,Black,-1
14,30.5,73.5,0,0,0,0,0,3.4,0,6.233333333,0,0,3.4,6,6,6,6,6,0,37.4,0,0,20.4,289,33,Orange,-1
15,23.5,73.5,1,3.2,0,0,0,0,3.2,6.233333333,0,0,0,1,6,6,6,6,3.2,37.4,0,0,0,203,101,Pink,-1
16,24.5,73.5,1,3.78,0,0,0,0,3.78,6.233333333,0,0,0,1,6,6,6,6,3.78,37.4,0,0,0,205.9,97,Pink,-1
17,25.5,73.5,1,4.15,0,0.766666667,0,1.2,4.15,6.233333333,0.766666667,0,1.2,1,6,6,6,6,4.15,37.4,4.600000002,0,7.2,266.75,52,Orange,-1
18,26.5,73.5,1,4.58,0,0.466666667,0,0,4.58,6.233333333,0.466666667,0,0,1,6,6,6,6,4.58,37.4,2.800000002,0,0,223.9,85,Brown,-1
19,27.5,73.5,1,4.5,0,0.266666667,0,0.076923077,4.5,6.233333333,0.266666667,0,0.076923077,1,6,6,6,6,4.5,37.4,1.600000002,0,0.461538462,219.8076923,93,Pink,-1
20,28.5,73.5,F18,5.7375,5.7375,11.40740741,0.375,0,5.7375,6.233333333,11.40740741,0.375,0,-6,-6,-6,6,6,-34.425,-37.4,-68.44444446,2.25,0,-690.0972223,226,Black,-1
21,29.5,73.5,F19,3.890909091,3.890909091,6.916666667,0.545454545,2.777777778,3.890909091,6.233333333,6.916666667,0.545454545,2.777777778,1,6,-6,6,6,3.890909091,37.4,-41.5,3.27272727,16.66666667,98.65151516,114,Pink,-1
22,18.5,73.5,F20,4.565,4.565,8.283333333,0.25,0.111111111,4.565,6.233333333,8.283333333,0.25,0.111111111,1,6,-6,6,6,4.565,37.4,-49.7,1.5,0.666666666,-27.84166667,162,Purple,-1
23,19.5,73.5,F21,3.75,3.75,0.333333333,1.8,0.166666667,3.75,6.233333333,0.333333333,1.8,0.166666667,1,6,6,6,6,3.75,37.4,1.999999998,10.8,1.000000002,274.75,47,Orange,-1
24,20.5,73.5,F22,0,4.013333333,10.49646465,0.5,3.166666667,0,6.233333333,10.49646465,0.5,3.166666667,6,6,-6,6,6,0,37.4,-62.9787879,3,19,-17.8939395,156,Purple,-1
25,21.5,73.5,F23,0,4.06,16.08333333,2.8,5.166666667,0,6.233333333,16.08333333,2.8,5.166666667,6,6,-6,6,-6,0,37.4,-96.49999998,16.8,-31,-366.4999999,209,Yellow,-1
26,22.5,73.5,F24,0,3.393548387,16.05555556,1.548387097,15.58333333,0,6.233333333,16.05555556,1.548387097,15.58333333,6,6,-6,6,-6,0,37.4,-96.33333336,9.290322582,-93.49999998,-715.7150538,228,Black,-1
27,30.5,74.5,0,2.233333333,2.233333333,0,2.833333333,5.1,2.233333333,6.233333333,0,2.833333333,5.1,6,6,6,6,-6,13.4,37.4,0,17,-30.6,186,104,Pink,-1
28,19.5,74.5,1,3.566666667,0,1.729166667,0,4.4,3.566666667,6.233333333,1.729166667,0,4.4,1,6,6,6,1,3.566666667,37.4,10.375,0,4.4,278.7083333,43,Orange,-1
29,20.5,74.5,1,3.066666667,0,0,0,0.4,3.066666667,6.233333333,0,0,0.4,1,6,6,6,6,3.066666667,37.4,0,0,2.4,214.3333333,95,Pink,-1
30,21.5,74.5,1,6.066666667,0,0,0,0.176470588,6.066666667,6.233333333,0,0,0.176470588,-6,6,6,6,6,-36.4,37.4,0,0,1.058823528,10.29411764,144,Blue,-1
31,22.5,74.5,1,3.38,0,3.38,0,0,3.38,6.233333333,3.38,0,0,1,6,1,6,6,3.38,37.4,3.38,0,0,220.8,91,Pink,-1
32,23.5,74.5,1,3.656666667,0,3.656666667,0,0.5,3.656666667,6.233333333,3.656666667,0,0.5,1,6,1,6,6,3.656666667,37.4,3.656666667,0,3,238.5666667,70,Brown,-1
33,24.5,74.5,1,3.806666667,0,3.806666667,0,1.333333333,3.806666667,6.233333333,3.806666667,0,1.333333333,1,6,1,6,6,3.806666667,37.4,3.806666667,0,7.999999998,265.0666667,54,Orange,-1
34,25.5,74.5,1,4.05,0,4.05,0,2,4.05,6.233333333,4.05,0,2,1,6,1,6,6,4.05,37.4,4.05,0,12,287.5,35,Orange,-1
35,26.5,74.5,1,3.406521739,0,3.406521739,0,0,3.406521739,6.233333333,3.406521739,0,0,1,6,1,6,6,3.406521739,37.4,3.406521739,0,0,221.0652174,90,Pink,-1
36,27.5,74.5,1,3.409090909,0,3.409090909,0,0.5,3.409090909,6.233333333,3.409090909,0,0.5,1,6,1,6,6,3.409090909,37.4,3.409090909,0,3,236.0909091,75,Brown,-1
37,28.5,74.5,1,2.1,0,2.1,0,0,2.1,6.233333333,2.1,0,0,6,6,6,6,6,12.6,37.4,12.6,0,0,313,21,Green,100
38,18.5,74.5,F25,0,2.594736842,7.916666667,4.157894737,0.666666667,0,6.233333333,7.916666667,4.157894737,0.666666667,6,6,-6,1,6,0,37.4,-47.5,4.157894737,4.000000002,-9.710526305,153,Purple,-1
39,29.5,74.5,F26,0,4.475,8.5,3.3,10,0,6.233333333,8.5,3.3,10,6,6,-6,6,-6,0,37.4,-51,19.8,-60,-269,196,Yellow,-1
40,30.5,75.5,0,3.633333333,3.633333333,1.916666667,0,0,3.633333333,6.233333333,1.916666667,0,0,1,6,6,6,6,3.633333333,37.4,11.5,0,0,262.6666667,57,Orange,-1
41,20.5,75.5,1,0.25,0,0.25,0,2.833333333,0.25,6.233333333,0.25,0,2.833333333,6,6,6,6,6,1.5,37.4,1.5,0,17,287,36,Orange,-1
42,21.5,75.5,1,1.1,0,0,0,0,1.1,6.233333333,0,0,0,6,6,6,6,6,6.6,37.4,0,0,0,220,92,Pink,-1
43,22.5,75.5,1,1.183333333,0,0,0,0,1.183333333,6.233333333,0,0,0,6,6,6,6,6,7.099999998,37.4,0,0,0,222.5,88,Brown,-1
44,23.5,75.5,1,1.1,1,4.5,0.3,0,1.1,6.233333333,4.5,0.3,0,6,6,1,6,6,6.6,37.4,4.5,1.8,0,251.5,62,Brown,-1
45,24.5,75.5,1,7.333333333,7.333333333,0,2,0.166666667,7.333333333,6.233333333,0,2,0.166666667,-6,-6,6,6,6,-44,-37.4,0,12,1.000000002,-342,205,Yellow,-1
46,25.5,75.5,1,4.49,4.49,8.416666667,2.95,0.5,4.49,6.233333333,8.416666667,2.95,0.5,1,6,-6,6,6,4.49,37.4,-50.5,17.7,3,60.45,120,Blue,-1
47,26.5,75.5,1,3.54,3.54,6.333333333,0.766666667,0,3.54,6.233333333,6.333333333,0.766666667,0,1,6,-6,6,6,3.54,37.4,-38,4.600000002,0,37.70000001,135,Blue,-1
48,27.5,75.5,1,3.743333333,3.743333333,6.583333333,0.466666667,0,3.743333333,6.233333333,6.583333333,0.466666667,0,1,6,-6,6,6,3.743333333,37.4,-39.5,2.800000002,0,22.21666668,140,Blue,-1
49,28.5,75.5,1,4.61,4.61,2.296666667,0.266666667,0,4.61,6.233333333,2.296666667,0.266666667,0,1,6,6,6,6,4.61,37.4,13.78,1.600000002,0,286.95,37,Orange,-1
50,18.5,75.5,F27,4.03125,4.03125,8.930555556,1.5625,20.66666667,4.03125,6.233333333,8.930555556,1.5625,20.66666667,1,6,-6,6,-6,4.03125,37.4,-53.58333334,9.375,-124,-633.8854167,224,Black,-1
51,19.5,75.5,F28,4.2,4.2,7.708333333,3,7.975308642,4.2,6.233333333,7.708333333,3,7.975308642,1,6,-6,6,-6,4.2,37.4,-46.25,18,-47.85185185,-172.5092593,183,Yellow,-1
52,29,75.5,F30,3.2,3.2,0.55,0,0,3.2,6.233333333,0.55,0,0,1,6,6,6,6,3.2,37.4,3.3,0,0,219.5,94,Pink,-1
53,19.5,76.5,1,4.477083333,4.477083333,2.836805556,1.729166667,0,4.477083333,6.233333333,2.836805556,1.729166667,0,1,6,6,6,6,4.477083333,37.4,17.02083334,10.375,0,346.3645834,6,Green,100
54,20.5,76.5,1,4.94375,4.94375,4.958333333,0,1.6,4.94375,6.233333333,4.958333333,0,1.6,1,6,1,6,6,4.94375,37.4,4.958333333,0,9.6,284.5104167,39,Orange,-1
55,21.5,76.5,1,4.883333333,4.883333333,0,1.388888889,0.36,4.883333333,6.233333333,0,1.388888889,0.36,1,6,6,6,6,4.883333333,37.4,0,8.333333334,2.16,263.8833333,56,Orange,-1
56,22.5,76.5,1,3.788888889,3.788888889,0.055555556,2.833333333,0.2,3.788888889,6.233333333,0.055555556,2.833333333,0.2,1,6,6,6,6,3.788888889,37.4,0.333333336,17,1.2,298.6111111,28,Green,100
57,23.5,76.5,1,4.047222222,4.047222222,2.501984127,0.638888889,0.4,4.047222222,6.233333333,2.501984127,0.638888889,0.4,1,6,6,6,6,4.047222222,37.4,15.01190476,3.833333334,2.4,313.4623016,19,Green,100
58,24.5,76.5,1,3.37,3.37,10.66666667,0,0,3.37,6.233333333,10.66666667,0,0,1,6,-6,6,6,3.37,37.4,-64.00000002,0,0,-116.1500001,174,Purple,-1
59,25.5,76.5,1,3.7,3.7,7.666666667,0.777777778,1.1,3.7,6.233333333,7.666666667,0.777777778,1.1,1,6,-6,6,6,3.7,37.4,-46,4.666666668,6.6,31.83333334,136,Blue,-1
60,26.5,76.5,1,3.623333333,3.623333333,15.44444444,0,1.8,3.623333333,6.233333333,15.44444444,0,1.8,1,6,-6,6,6,3.623333333,37.4,-92.66666664,0,10.8,-204.2166665,189,Yellow,-1
61,27.5,76.5,1,3.296666667,3.296666667,10.30555556,0.366666667,0.4,3.296666667,6.233333333,10.30555556,0.366666667,0.4,1,6,-6,6,6,3.296666667,37.4,-61.83333336,2.200000002,2.4,-82.68333346,170,Purple,-1
62,28.5,76.5,1,2.16,2.16,2.166666667,1.633333333,7.055555556,2.16,6.233333333,2.166666667,1.633333333,7.055555556,6,6,6,6,-6,12.96,37.4,13,9.799999998,-42.33333334,154.1333333,107,Pink,-1
63,29.5,76.5,1,1.63,1.63,6.222222222,0.4,1.333333333,1.63,6.233333333,6.222222222,0.4,1.333333333,6,6,-6,6,6,9.78,37.4,-37.33333333,2.4,7.999999998,101.2333333,113,Pink,-1
64,18.5,76.5,F31,2.2,2.2,0.5,0,0,2.2,6.233333333,0.5,0,0,6,6,6,6,6,13.2,37.4,3,0,0,268,50,Orange,-1
65,30.5,76.5,F32,2.79,2.79,1.75,0.8,0,2.79,6.233333333,1.75,0.8,0,1,6,6,6,6,2.79,37.4,10.5,4.8,0,277.45,45,Orange,-1
66,19.5,77.5,1,2.605,2.605,4.659722222,1.15,0.555555556,2.605,6.233333333,4.659722222,1.15,0.555555556,1,6,1,6,6,2.605,37.4,4.659722222,6.9,3.333333336,274.4902778,48,Orange,-1
67,20.5,77.5,1,1.58,1.58,2.458333333,0.133333333,0.052631579,1.58,6.233333333,2.458333333,0.133333333,0.052631579,6,6,6,6,6,9.48,37.4,14.75,0.799999998,0.315789474,313.7289474,18,Green,100
68,21.5,77.5,1,6,6,5.333333333,0.833333333,0,6,6.233333333,5.333333333,0.833333333,0,-6,-6,-6,6,6,-36,-37.4,-32,4.999999998,0,-502,217,Black,-1
69,22.5,77.5,1,5,5,4.166666667,2.166666667,0,5,6.233333333,4.166666667,2.166666667,0,1,6,1,6,6,5,37.4,4.166666667,13,0,297.8333333,29,Green,100
70,23.5,77.5,1,0,4.116666667,3.25,1,0.4,0,6.233333333,3.25,1,0.4,6,6,1,6,6,0,37.4,3.25,6,2.4,245.25,65,Brown,-1
71,24.5,77.5,1,5.233333333,5.233333333,0,0,0,5.233333333,6.233333333,0,0,0,-6,3,6,6,6,-31.4,18.7,0,0,0,-63.5,167,Purple,-1
72,25.5,77.5,1,3.425,3.425,3.333333333,0.85,0,3.425,6.233333333,3.333333333,0.85,0,1,6,1,6,6,3.425,37.4,3.333333333,5.1,0,246.2916667,64,Brown,-1
73,26.5,77.5,1,0,3.755,5.366666667,0.375,0.19047619,0,6.233333333,5.366666667,0.375,0.19047619,6,6,-6,6,6,0,37.4,-32.2,2.25,1.14285714,42.9642857,134,Blue,-1
74,27.5,77.5,1,0,4.197222222,7.444444444,0.111111111,0.166666667,0,6.233333333,7.444444444,0.111111111,0.166666667,6,6,-6,6,6,0,37.4,-44.66666666,0.666666666,1.000000002,-27.99999996,163,Purple,-1
75,28.5,77.5,1,0,4.741666667,2.638888889,0,1.5,0,6.233333333,2.638888889,0,1.5,6,6,6,6,6,0,37.4,15.83333333,0,9,311.1666667,22,Green,100
76,29.5,77.5,1,0,3.619444444,4.277777778,0.055555556,0.6,0,6.233333333,4.277777778,0.055555556,0.6,6,6,1,6,6,0,37.4,4.277777778,0.333333336,3.6,228.0555556,82,Brown,-1
77,18.5,77.5,F33,6,6,1,0,0,6,6.233333333,1,0,0,-6,-6,6,6,6,-36,-37.4,6,0,0,-337,204,Yellow,-1
78,30.5,77.5,F34,6.816666667,6.816666667,5.083333333,0.5,4.875,6.816666667,6.233333333,5.083333333,0.5,4.875,-6,-6,-6,6,1,-40.9,-37.4,-30.5,3,4.875,-504.625,218,Black,-1
79,19.5,78.5,1,4.908333333,4.908333333,3.472222222,3.444444444,1.5,4.908333333,6.233333333,3.472222222,3.444444444,1.5,1,-6,1,6,6,4.908333333,-37.4,3.472222222,20.66666666,9,3.236111075,149,Blue,-1
80,20.5,78.5,1,5.208333333,5.208333333,3.083333333,0.75,2.5,5.208333333,6.233333333,3.083333333,0.75,2.5,-6,3,6,6,6,-31.25,18.7,18.5,4.5,15,127.25,111,Pink,-1
81,21.5,78.5,1,2.466666667,2.466666667,0,0,0,2.466666667,6.233333333,0,0,0,6,6,6,6,6,14.8,37.4,0,0,0,261,58,Orange,-1
82,22.5,78.5,1,4.881818182,4.881818182,3.883333333,0,3.416666667,4.881818182,6.233333333,3.883333333,0,3.416666667,1,6,1,6,6,4.881818182,37.4,3.883333333,0,20.5,333.3257576,13,Green,100
83,23.5,78.5,1,0.1,0.1,2,0.666666667,1.333333333,0.1,6.233333333,2,0.666666667,1.333333333,6,6,6,6,6,0.6,37.4,12,4.000000002,7.999999998,310,23,Green,100
84,24.5,78.5,1,2.111111111,2.111111111,1.015151515,1.222222222,0.8,2.111111111,6.233333333,1.015151515,1.222222222,0.8,6,6,6,6,6,12.66666667,37.4,6.09090909,7.333333332,4.8,341.4545455,8,Green,100
85,25.5,78.5,1,2.2,2.2,0,0,1,2.2,6.233333333,0,0,1,6,6,6,6,6,13.2,37.4,0,0,6,283,40,Orange,-1
86,26.5,78.5,1,1.16,1.16,0,0,0.625,1.16,6.233333333,0,0,0.625,6,6,6,6,6,6.96,37.4,0,0,3.75,240.55,68,Brown,-1
87,27.5,78.5,1,3.612,3.612,2.033333333,0.2,0,3.612,6.233333333,2.033333333,0.2,0,1,6,6,6,6,3.612,37.4,12.2,1.2,0,272.06,49,Orange,-1
88,28.5,78.5,1,4.45,4.45,8.083333333,0.375,1,4.45,6.233333333,8.083333333,0.375,1,1,6,-6,6,6,4.45,37.4,-48.5,2.25,6,8,145,Blue,-1
89,29.5,78.5,1,4.2,4.2,4,0,0,4.2,6.233333333,4,0,0,1,6,1,6,6,4.2,37.4,4,0,0,228,83,Brown,-1
90,18.5,78.5,F35,3.4,3.4,2,0,0,3.4,6.233333333,2,0,0,1,6,6,6,6,3.4,37.4,12,0,0,264,55,Orange,-1
91,30.5,78.5,F36,3.316666667,3.316666667,5.583333333,0,13.4,3.316666667,6.233333333,5.583333333,0,13.4,1,6,-6,6,-6,3.316666667,37.4,-33.5,0,-80.4,-365.9166667,208,Yellow,-1
92,20.5,79.5,1,4.817142857,4.817142857,3.547619048,0,0.25,4.817142857,6.233333333,3.547619048,0,0.25,1,6,1,6,6,4.817142857,37.4,3.547619048,0,1.5,236.3238095,73,Brown,-1
93,21.5,79.5,1,5.04,5.04,7.555555556,0.466666667,1.166666667,5.04,6.233333333,7.555555556,0.466666667,1.166666667,-6,3,-6,6,6,-30.24,18.7,-45.33333334,2.800000002,7.000000002,-235.3666667,192,Yellow,-1
94,22.5,79.5,1,3.82,3.82,2.083333333,0.9,0.333333333,3.82,6.233333333,2.083333333,0.9,0.333333333,1,6,6,6,6,3.82,37.4,12.5,5.4,1.999999998,305.6,26,Green,100
95,23.5,79.5,1,3.78,3.78,0,1,3.666666667,3.78,6.233333333,0,1,3.666666667,1,6,6,6,1,3.78,37.4,0,6,3.666666667,254.2333333,59,Orange,-1
96,24.5,79.5,1,2.413333333,2.413333333,5.074074074,0.533333333,2.166666667,2.413333333,6.233333333,5.074074074,0.533333333,2.166666667,6,6,-6,6,6,14.48,37.4,-30.44444444,3.199999998,13,188.1777778,103,Pink,-1
97,25.5,79.5,1,4.104761905,4.104761905,14.89305556,1.666666667,1.666666667,4.104761905,6.233333333,14.89305556,1.666666667,1.666666667,1,6,-6,6,6,4.104761905,37.4,-89.35833336,10,10,-139.2678573,179,Purple,-1
98,26.5,79.5,1,6.66,6.66,10.66666667,0,0,6.66,6.233333333,10.66666667,0,0,-6,-6,-6,6,6,-39.96,-37.4,-64.00000002,0,0,-706.8000001,227,Black,-1
99,27.5,79.5,1,5.3,5.3,21.16666667,16,0,5.3,6.233333333,21.16666667,16,0,-6,3,-6,-6,6,-31.8,18.7,-127,-96,0,-1180.5,232,Black,-1
100,28.5,79.5,1,1.166666667,1.166666667,0,0,0,1.166666667,6.233333333,0,0,0,6,6,6,6,6,7.000000002,37.4,0,0,0,222,89,Brown,-1
101,29.5,79.5,1,4.733333333,4.733333333,0.666666667,0,0,4.733333333,6.233333333,0.666666667,0,0,1,6,6,6,6,4.733333333,37.4,4.000000002,0,0,230.6666667,79,Brown,-1
102,18.5,79.5,F37,4.177777778,4.177777778,6.777777778,0,0.681818182,4.177777778,6.233333333,6.777777778,0,0.681818182,1,6,-6,6,6,4.177777778,37.4,-40.66666667,0,4.090909092,25.010101,137,Blue,-1
103,19.5,79.5,F38,3.495454545,3.495454545,6.583333333,0.545454545,0,3.495454545,6.233333333,6.583333333,0.545454545,0,1,6,-6,6,6,3.495454545,37.4,-39.5,3.27272727,0,23.34090908,138,Blue,-1
104,30.5,79.5,F39,3.98,3.98,2.633333333,2.84,0,3.98,6.233333333,2.633333333,2.84,0,1,6,6,6,6,3.98,37.4,15.8,17.04,0,371.1,4,Green,100
105,19.5,80.5,1,3.13,3.13,4.5,0.5,8.333333333,3.13,6.233333333,4.5,0.5,8.333333333,1,6,1,6,-6,3.13,37.4,4.5,3,-50,-9.85,154,Purple,-1
106,20.5,80.5,1,3.47,3.47,6.25,2.9,1.333333333,3.47,6.233333333,6.25,2.9,1.333333333,1,6,-6,6,6,3.47,37.4,-37.5,17.4,7.999999998,143.85,108,Pink,-1
107,21.5,80.5,1,3.45,3.45,1.916666667,1,3.166666667,3.45,6.233333333,1.916666667,1,3.166666667,1,6,6,6,6,3.45,37.4,11.5,6,19,386.75,1,Green,100
108,22.5,80.5,1,3.619444444,3.619444444,2.380952381,0.527777778,1.388888889,3.619444444,6.233333333,2.380952381,0.527777778,1.388888889,1,6,6,6,6,3.619444444,37.4,14.28571429,3.166666668,8.333333334,334.0257937,11,Green,100
109,23.5,80.5,1,3.973333333,3.973333333,8.666666667,1.466666667,20.27777778,3.973333333,6.233333333,8.666666667,1.466666667,20.27777778,1,6,-6,6,-6,3.973333333,37.4,-52,8.800000002,-121.6666667,-617.4666668,222,Black,-1
110,24.5,80.5,1,3.874074074,3.874074074,5.037037037,0.166666667,2.738888889,3.874074074,6.233333333,5.037037037,0.166666667,2.738888889,1,6,-6,6,6,3.874074074,37.4,-30.22222222,1.000000002,16.43333333,142.4259259,109,Pink,-1
111,25.5,80.5,1,3.741666667,3.741666667,0.416666667,0.5,11.91111111,3.741666667,6.233333333,0.416666667,0.5,11.91111111,1,6,6,6,-6,3.741666667,37.4,2.500000002,3,-71.46666666,-124.125,178,Purple,-1
112,26.5,80.5,1,3.280555556,3.280555556,4.333333333,1.416666667,2.263468013,3.280555556,6.233333333,4.333333333,1.416666667,2.263468013,1,6,1,6,6,3.280555556,37.4,4.333333333,8.500000002,13.58080808,335.4734849,9,Green,100
113,27.5,80.5,1,4.45,4.45,5.5,1.523809524,2.223737374,4.45,6.233333333,5.5,1.523809524,2.223737374,1,6,-6,6,6,4.45,37.4,-33,9.142857144,13.34242424,156.6764069,106,Pink,-1
114,28.5,80.5,1,4.033333333,4.033333333,12,0.666666667,3.887037037,4.033333333,6.233333333,12,0.666666667,3.887037037,1,6,-6,6,1,4.033333333,37.4,-72,4.000000002,3.887037037,-113.3981481,173,Purple,-1
115,18.5,80.5,F40,0,4.446666667,8.388888889,1.066666667,0,0,6.233333333,8.388888889,1.066666667,0,6,6,-6,6,6,0,37.4,-50.33333333,6.400000002,0,-32.66666664,164,Purple,-1
116,30.5,80.5,F41,3.788571429,3.788571429,3.928571429,0.2,0,3.788571429,6.233333333,3.928571429,0.2,0,1,6,1,6,6,3.788571429,37.4,3.928571429,1.2,0,231.5857143,78,Brown,-1
117,29.5,80.5,F42,0,5.416666667,2.722222222,0,0,0,6.233333333,2.722222222,0,0,6,3,6,6,6,0,18.7,16.33333333,0,0,175.1666667,105,Pink,-1
118,18.5,81.5,0,3.558333333,3.558333333,2.041666667,0,0,3.558333333,6.233333333,2.041666667,0,0,1,6,6,6,6,3.558333333,37.4,12.25,0,0,266.0416667,53,Orange,-1
119,30.5,81.5,0,3.266666667,3.266666667,0,1.333333333,0,3.266666667,6.233333333,0,1.333333333,0,1,6,6,6,6,3.266666667,37.4,0,7.999999998,0,243.3333333,67,Brown,-1
120,20.5,81.5,1,3.633333333,3.633333333,0.166666667,1.333333333,6.666666667,3.633333333,6.233333333,0.166666667,1.333333333,6.666666667,1,6,6,6,-6,3.633333333,37.4,1.000000002,7.999999998,-40,50.16666667,131,Blue,-1
121,21.5,81.5,1,1.175,1.175,6.833333333,0.833333333,7.916666667,1.175,6.233333333,6.833333333,0.833333333,7.916666667,6,6,-6,6,-6,7.05,37.4,-41,4.999999998,-47.5,-195.25,187,Yellow,-1
122,22.5,81.5,1,2.933333333,2.933333333,0.333333333,3,2.5,2.933333333,6.233333333,0.333333333,3,2.5,1,6,6,6,6,2.933333333,37.4,1.999999998,18,15,376.6666667,2,Green,100
123,23.5,81.5,1,1.691666667,1.691666667,1.083333333,3.583333333,7.916666667,1.691666667,6.233333333,1.083333333,3.583333333,7.916666667,6,6,6,6,-6,10.15,37.4,6.499999998,21.5,-47.5,140.25,110,Pink,-1
124,24.5,81.5,1,3.34,3.34,4.5,0.6,2.166666667,3.34,6.233333333,4.5,0.6,2.166666667,1,6,1,6,6,3.34,37.4,4.5,3.6,13,309.2,25,Green,100
125,25.5,81.5,1,5.18,5.18,2,0.2,7.166666667,5.18,6.233333333,2,0.2,7.166666667,-6,3,6,6,-6,-31.08,18.7,12,1.2,-43,-210.9,191,Yellow,-1
126,26.5,81.5,1,3.32,3.32,5.381111111,0.52,8.833333333,3.32,6.233333333,5.381111111,0.52,8.833333333,1,6,-6,6,-6,3.32,37.4,-32.28666667,3.12,-53,-207.2333334,190,Yellow,-1
127,27.5,81.5,1,1.79,1.79,0.555555556,0.4,10.27777778,1.79,6.233333333,0.555555556,0.4,10.27777778,6,6,6,6,-6,10.74,37.4,3.333333336,2.4,-61.66666668,-38.96666672,165,Purple,-1
128,28.5,81.5,1,4.9,4.9,2.333333333,0,13.36666667,4.9,6.233333333,2.333333333,0,13.36666667,1,6,6,6,-6,4.9,37.4,14,0,-80.20000002,-119.5000001,175,Purple,-1
129,19.5,81.5,F43,0,4.896666667,3.382352941,0,3.333333333,0,6.233333333,3.382352941,0,3.333333333,6,6,1,6,6,0,37.4,3.382352941,0,20,303.9117647,27,Green,100
130,29.5,81.5,F44,0,6.88,2.3875,0,3.508333333,0,6.233333333,2.3875,0,3.508333333,6,-6,6,6,1,0,-37.4,14.325,0,3.508333333,-97.83333334,171,Purple,-1
131,18.5,82.5,0,0,3.441666667,1.583333333,0.583333333,0,0,6.233333333,1.583333333,0.583333333,0,6,6,6,6,6,0,37.4,9.499999998,3.499999998,0,252,61,Brown,-1
132,29.5,82.5,0,3.408333333,3.408333333,0.833333333,0.708333333,0,3.408333333,6.233333333,0.833333333,0.708333333,0,1,6,6,6,6,3.408333333,37.4,4.999999998,4.249999998,0,250.2916666,63,Brown,-1
133,30.5,82.5,0,3.22,3.22,3.066666667,3.033333333,9.611111111,3.22,6.233333333,3.066666667,3.033333333,9.611111111,1,6,6,6,-6,3.22,37.4,18.4,18.2,-57.66666667,97.76666665,115,Pink,-1
134,21.5,82.5,1,4.684,4.684,2.266666667,0.04,0,4.684,6.233333333,2.266666667,0.04,0,1,6,6,6,6,4.684,37.4,13.6,0.24,0,279.62,42,Orange,-1
135,22.5,82.5,1,4.89,4.89,4.745934959,0,0,4.89,6.233333333,4.745934959,0,0,1,6,1,6,6,4.89,37.4,4.745934959,0,0,235.1796748,77,Brown,-1
136,23.5,82.5,1,4.785,4.785,5.076388889,0,0,4.785,6.233333333,5.076388889,0,0,1,6,-6,6,6,4.785,37.4,-30.45833333,0,0,58.63333335,121,Blue,-1
137,24.5,82.5,1,5.48,5.48,10.93333333,0.08,0,5.48,6.233333333,10.93333333,0.08,0,-6,3,-6,6,6,-32.88,18.7,-65.59999998,0.48,0,-396.4999999,212,Black,-1
138,25.5,82.5,1,2.917647059,2.917647059,2.731481481,1.470588235,0,2.917647059,6.233333333,2.731481481,1.470588235,0,1,6,6,6,6,2.917647059,37.4,16.38888889,8.82352941,0,327.6503268,15,Green,100
139,26.5,82.5,1,3.344,3.344,3.366666667,0.52,0,3.344,6.233333333,3.366666667,0.52,0,1,6,1,6,6,3.344,37.4,3.366666667,3.12,0,236.1533333,74,Brown,-1
140,27.5,82.5,1,3.68,3.68,7.866666667,4.6,0,3.68,6.233333333,7.866666667,4.6,0,1,6,-6,1,6,3.68,37.4,-47.2,4.6,0,-7.6,152,Purple,-1
141,19.5,82.5,F45,0,3.78,4.666666667,0,1,0,6.233333333,4.666666667,0,1,6,6,1,6,6,0,37.4,4.666666667,0,6,240.3333333,69,Brown,-1
142,20.5,82.5,F46,1.786666667,1.786666667,4.111111111,1.466666667,1.666666667,1.786666667,6.233333333,4.111111111,1.466666667,1.666666667,6,6,1,6,6,10.72,37.4,4.111111111,8.800000002,10,355.1555556,5,Green,100
143,28.5,82.5,F47,4.19,4.19,0.583333333,2.3,10.58333333,4.19,6.233333333,0.583333333,2.3,10.58333333,1,6,6,6,-6,4.19,37.4,3.499999998,13.8,-63.49999998,-23.04999991,160,Purple,-1
144,18.5,83.5,0,0,3.975,1.333333333,1.666666667,8.5,0,6.233333333,1.333333333,1.666666667,8.5,6,6,6,6,-6,0,37.4,7.999999998,10,-51,21.99999999,141,Blue,-1
145,19.5,83.5,0,3.8125,3.8125,0.25,1.125,21.16666667,3.8125,6.233333333,0.25,1.125,21.16666667,1,6,6,6,-6,3.8125,37.4,1.5,6.75,-127,-387.6875,211,Black,-1
146,29.5,83.5,0,4.733333333,4.733333333,1.666666667,4.5,13,4.733333333,6.233333333,1.666666667,4.5,13,1,6,6,1,-6,4.733333333,37.4,10,4.5,-78,-106.8333333,172,Purple,-1
147,30.5,83.5,0,4.316666667,4.316666667,0.833333333,4.75,9.5,4.316666667,6.233333333,0.833333333,4.75,9.5,1,6,6,1,-6,4.316666667,37.4,4.999999998,4.75,-57,-27.66666668,161,Purple,-1
148,21.5,83.5,1,4.917647059,4.917647059,4.277777778,0.647058824,0,4.917647059,6.233333333,4.277777778,0.647058824,0,1,6,1,6,6,4.917647059,37.4,4.277777778,3.882352944,0,252.3888889,60,Brown,-1
149,22.5,83.5,1,4.563636364,4.563636364,1.097222222,1.181818182,0,4.563636364,6.233333333,1.097222222,1.181818182,0,1,6,6,6,6,4.563636364,37.4,6.583333332,7.090909092,0,278.1893939,44,Orange,-1
150,23.5,83.5,1,3.26,3.26,24.5,4,0,3.26,6.233333333,24.5,4,0,1,6,-6,1,6,3.26,37.4,-147,4,0,-511.7,220,Black,-1
151,24.5,83.5,1,1.70625,1.70625,7.95,5.4375,6.102564103,1.70625,6.233333333,7.95,5.4375,6.102564103,6,6,-6,-6,-6,10.2375,37.4,-47.7,-32.625,-36.61538462,-346.5144231,206,Yellow,-1
152,25.5,83.5,1,1.58,1.58,8.166666667,4.6,6,1.58,6.233333333,8.166666667,4.6,6,6,6,-6,1,-6,9.48,37.4,-49,4.6,-36,-167.6,180,Yellow,-1
153,26.5,83.5,1,0,6.9,25,24,4,0,6.233333333,25,24,4,6,-6,-6,-6,1,0,-37.4,-150,-144,4,-1637,234,Black,-1
154,27.5,83.5,1,0,3.2,2.720833333,0,7.222222222,0,6.233333333,2.720833333,0,7.222222222,6,6,6,6,-6,0,37.4,16.325,0,-43.33333333,51.95833335,129,Blue,-1
155,20.5,83.5,F48,4.452941176,4.452941176,1,1.176470588,9.777777778,4.452941176,6.233333333,1,1.176470588,9.777777778,1,6,6,6,-6,4.452941176,37.4,6,7.058823528,-58.66666667,-18.77450983,157,Purple,-1
156,28.5,83.5,F49,0,1.6,0.138888889,2.333333333,6.083333333,0,6.233333333,0.138888889,2.333333333,6.083333333,6,6,6,6,-6,0,37.4,0.833333334,14,-36.5,78.66666667,117,Pink,-1
157,18.5,84.5,0,0,5.05,6.233333333,4.033333333,3.166666667,0,6.233333333,6.233333333,4.033333333,3.166666667,6,3,-6,1,6,0,18.7,-37.4,4.033333333,19,21.66666667,142,Blue,-1
158,19.5,84.5,0,0,2.972222222,5.333333333,0.222222222,3.833333333,0,6.233333333,5.333333333,0.222222222,3.833333333,6,6,-6,6,1,0,37.4,-32,1.333333332,3.833333333,52.83333333,127,Blue,-1
159,29.5,84.5,0,0,4.025,4.006481481,0.083333333,3.333333333,0,6.233333333,4.006481481,0.083333333,3.333333333,6,6,1,6,6,0,37.4,4.006481481,0.499999998,20,309.5324074,24,Green,100
160,30.5,84.5,0,0,4.525,8.051075269,0.222222222,6.296801347,0,6.233333333,8.051075269,0.222222222,6.296801347,6,6,-6,6,-6,0,37.4,-48.30645161,1.333333332,-37.78080808,-236.7696318,193,Yellow,-1
161,22.5,84.5,1,0,3.78,4.066666667,0,13.27777778,0,6.233333333,4.066666667,0,13.27777778,6,6,1,6,-6,0,37.4,4.066666667,0,-79.66666668,-191.0000001,186,Yellow,-1
162,23.5,84.5,1,0,4.15,6.333333333,0,14.26772487,0,6.233333333,6.333333333,0,14.26772487,6,6,-6,6,-6,0,37.4,-38,0,-85.60634922,-431.0317461,215,Black,-1
163,24.5,84.5,1,0,4.58,0,1,7,0,6.233333333,0,1,7,6,6,6,6,-6,0,37.4,0,6,-42,7,146,Blue,-1
164,25.5,84.5,1,0,4.5,0,0.5,2.857142857,0,6.233333333,0,0.5,2.857142857,6,6,6,6,6,0,37.4,0,3,17.14285714,287.7142857,34,Orange,-1
165,26.5,84.5,1,0,3.566666667,3.166666667,0,7.920138889,0,6.233333333,3.166666667,0,7.920138889,6,6,6,6,-6,0,37.4,19,0,-47.52083333,44.39583335,133,Blue,-1
166,27.5,84.5,1,0,3.066666667,3.166666667,0,16.16666667,0,6.233333333,3.166666667,0,16.16666667,6,6,6,6,-6,0,37.4,19,0,-97.00000002,-203.0000001,188,Yellow,-1
167,20.5,84.5,F50,0,2.1,3.333333333,0,3.786306043,0,6.233333333,3.333333333,0,3.786306043,6,6,1,6,1,0,37.4,3.333333333,0,3.786306043,222.5981969,87,Brown,-1
168,21.5,84.5,F51,0,2.2,0.972222222,5,14.82638889,0,6.233333333,0.972222222,5,14.82638889,6,6,6,6,-6,0,37.4,5.833333332,30,-88.95833334,-78.62500004,168,Purple,-1
169,28.5,84.5,F52,0.25,0.25,0.111111111,7.166666667,1.25,0.25,6.233333333,0.111111111,7.166666667,1.25,6,6,6,-6,6,1.5,37.4,0.666666666,-43,7.5,20.33333333,143,Blue,-1
170,18.5,85.5,0,0,4.269444444,2.388888889,3.055555556,13.25,0,6.233333333,2.388888889,3.055555556,13.25,6,6,6,6,-6,0,37.4,14.33333333,18.33333334,-79.5,-47.16666665,166,Purple,-1
171,19.5,85.5,0,2.861111111,2.861111111,5.472222222,3.027777778,8.333333333,2.861111111,6.233333333,5.472222222,3.027777778,8.333333333,1,6,-6,6,-6,2.861111111,37.4,-32.83333333,18.16666667,-50,-122.0277777,177,Purple,-1
172,20.5,85.5,0,4.3,4.3,11.61111111,0.5,6.888888889,4.3,6.233333333,11.61111111,0.5,6.888888889,1,6,-6,6,-6,4.3,37.4,-69.66666666,3,-41.33333333,-331.5,202,Yellow,-1
173,29.5,85.5,0,2.991666667,2.991666667,5.675,0,3,2.991666667,6.233333333,5.675,0,3,1,6,-6,6,6,2.991666667,37.4,-34.05,0,18,121.7083333,112,Pink,-1
174,30.5,85.5,0,5.705555556,5.705555556,0.537037037,0,3.644444444,5.705555556,6.233333333,0.537037037,0,3.644444444,-6,-6,6,6,1,-34.23333334,-37.4,3.222222222,0,3.644444444,-323.8333334,200,Yellow,-1
175,22.5,85.5,1,0,6.066666667,2.833333333,0,42.58333333,0,6.233333333,2.833333333,0,42.58333333,6,-6,6,6,-6,0,-37.4,17,0,-255.5,-1379.5,233,Black,-1
176,23.5,85.5,1,0,3.38,1.75,4.6,20.60606061,0,6.233333333,1.75,4.6,20.60606061,6,6,6,1,-6,0,37.4,10.5,4.6,-123.6363637,-355.6818185,207,Yellow,-1
177,24.5,85.5,1,3.656666667,3.656666667,5.444444444,0.466666667,0,3.656666667,6.233333333,5.444444444,0.466666667,0,1,6,-6,6,6,3.656666667,37.4,-32.66666666,2.800000002,0,55.95000005,124,Blue,-1
178,25.5,85.5,1,3.806666667,3.806666667,6.481481481,1.133333333,0.166666667,3.806666667,6.233333333,6.481481481,1.133333333,0.166666667,1,6,-6,6,6,3.806666667,37.4,-38.88888889,6.799999998,1.000000002,50.58888889,130,Blue,-1
179,26.5,85.5,1,4.05,4.05,0.527777778,0.433333333,3.25,4.05,6.233333333,0.527777778,0.433333333,3.25,1,6,6,6,6,4.05,37.4,3.166666668,2.599999998,19.5,333.5833333,12,Green,100
180,21.5,85.5,F53,0.25,0.25,4.833333333,1.166666667,2.716666667,0.25,6.233333333,4.833333333,1.166666667,2.716666667,6,6,1,6,6,1.5,37.4,4.833333333,7.000000002,16.3,335.1666667,10,Green,100
181,27.5,85.5,F54,0.2,0.2,5.333333333,0.666666667,16.08333333,0.2,6.233333333,5.333333333,0.666666667,16.08333333,6,6,-6,6,-6,1.2,37.4,-32,4.000000002,-96.49999998,-429.4999999,214,Black,-1
182,28.5,85.5,F55,3.866666667,3.866666667,2.833333333,1,4.75,3.866666667,6.233333333,2.833333333,1,4.75,1,6,6,6,1,3.866666667,37.4,17,6,4.75,345.0833333,7,Green,100
183,18.5,86.5,0,4.366666667,4.366666667,3.166666667,2.133333333,5.766666667,4.366666667,6.233333333,3.166666667,2.133333333,5.766666667,1,6,6,6,-6,4.366666667,37.4,19,12.8,-34.6,194.8333333,102,Pink,-1
184,19.5,86.5,0,4.533333333,4.533333333,5,3.166666667,0,4.533333333,6.233333333,5,3.166666667,0,1,6,1,6,6,4.533333333,37.4,5,19,0,329.6666667,14,Green,100
185,20.5,86.5,0,0,4.48,12.33333333,0,0,0,6.233333333,12.33333333,0,0,6,6,-6,6,6,0,37.4,-73.99999998,0,0,-182.9999999,184,Yellow,-1
186,27.5,86.5,0,0,6.333333333,0,2.166666667,0,0,6.233333333,0,2.166666667,0,6,-6,6,6,6,0,-37.4,0,13,0,-122,176,Purple,-1
187,28.5,86.5,0,0,4.925,1.916666667,1.041666667,0,0,6.233333333,1.916666667,1.041666667,0,6,6,6,6,6,0,37.4,11.5,6.250000002,0,275.75,46,Orange,-1
188,29.5,86.5,0,0,6.241666667,7.083333333,0.75,0,0,6.233333333,7.083333333,0.75,0,6,-6,-6,6,6,0,-37.4,-42.5,4.5,0,-377,210,Black,-1
189,30.5,86.5,0,0,3.966666667,0.366666667,0.166666667,0,0,6.233333333,0.366666667,0.166666667,0,6,6,6,6,6,0,37.4,2.200000002,1.000000002,0,203,100,Pink,-1
190,22.5,86.5,1,4.3,4.3,2.493333333,0.32,15.5,4.3,6.233333333,2.493333333,0.32,15.5,1,6,6,6,-6,4.3,37.4,14.96,1.92,-93,-172.1,182,Yellow,-1
191,23.5,86.5,1,3.957142857,3.957142857,3.416666667,0,2.416666667,3.957142857,6.233333333,3.416666667,0,2.416666667,1,6,1,6,6,3.957142857,37.4,3.416666667,0,14.5,296.3690476,30,Orange,-1
192,24.5,86.5,1,4.55,4.55,5.75,0.066666667,0.490740741,4.55,6.233333333,5.75,0.066666667,0.490740741,1,6,-6,6,6,4.55,37.4,-34.5,0.400000002,2.944444446,53.97222224,125,Blue,-1
193,25.5,86.5,1,4.155172414,4.155172414,5.7,0.344827586,0.666666667,4.155172414,6.233333333,5.7,0.344827586,0.666666667,1,6,-6,6,6,4.155172414,37.4,-34.2,2.068965516,4.000000002,67.12068966,118,Pink,-1
194,21.5,86.5,F56,5.1,5.1,10.83333333,1,4.722222222,5.1,6.233333333,10.83333333,1,4.722222222,-6,3,-6,6,1,-30.6,18.7,-64.99999998,6,4.722222222,-330.8888888,201,Yellow,-1
195,26.5,86.5,F57,3.8,3.8,8.833333333,0.4,4.958333333,3.8,6.233333333,8.833333333,0.4,4.958333333,1,6,-6,6,1,3.8,37.4,-53,2.4,4.958333333,-22.20833334,159,Purple,-1
196,18.5,87.5,0,0,3.663461538,1.188453159,0.423076923,0,0,6.233333333,1.188453159,0.423076923,0,6,6,6,6,6,0,37.4,7.130718954,2.538461538,0,235.3459025,76,Brown,-1
197,19.5,87.5,0,0,5.516666667,0.833333333,2.777777778,0,0,6.233333333,0.833333333,2.777777778,0,6,-6,6,6,6,0,-37.4,4.999999998,16.66666667,0,-78.66666666,169,Purple,-1
198,20.5,87.5,0,0,3.302777778,7.944444444,1.194444444,0,0,6.233333333,7.944444444,1.194444444,0,6,6,-6,6,6,0,37.4,-47.66666666,7.166666664,0,-15.49999998,155,Purple,-1
199,27.5,87.5,0,4.503333333,4.503333333,2.946666667,0.433333333,0.166666667,4.503333333,6.233333333,2.946666667,0.433333333,0.166666667,1,6,6,6,6,4.503333333,37.4,17.68,2.599999998,1.000000002,315.9166667,17,Green,100
200,28.5,87.5,0,4.8875,4.8875,7.375,0,0.166666667,4.8875,6.233333333,7.375,0,0.166666667,1,6,-6,6,6,4.8875,37.4,-44.25,0,1.000000002,-4.81249999,151,Purple,-1
201,29.5,87.5,0,4.097222222,4.097222222,5.627777778,0.638888889,0,4.097222222,6.233333333,5.627777778,0.638888889,0,1,6,-6,6,6,4.097222222,37.4,-33.76666667,3.833333334,0,57.81944443,122,Blue,-1
202,30.5,87.5,0,3.622222222,3.622222222,2.733333333,0.87037037,0,3.622222222,6.233333333,2.733333333,0.87037037,0,1,6,6,6,6,3.622222222,37.4,16.4,5.22222222,0,313.2222222,20,Green,100
203,23.5,87.5,1,4.766666667,4.766666667,1.916666667,1.25,2.222222222,4.766666667,6.233333333,1.916666667,1.25,2.222222222,1,6,6,6,6,4.766666667,37.4,11.5,7.5,13.33333333,372.5,3,Green,100
204,24.5,87.5,1,4.591666667,4.591666667,6.666666667,0.666666667,4.722222222,4.591666667,6.233333333,6.666666667,0.666666667,4.722222222,1,6,-6,6,1,4.591666667,37.4,-40,4.000000002,4.722222222,53.56944446,126,Blue,-1
205,21.5,87.5,F58,2.1,2.1,14.72222222,0.7,0.083333333,2.1,6.233333333,14.72222222,0.7,0.083333333,6,6,-6,6,6,12.6,37.4,-88.33333332,4.2,0.499999998,-168.1666666,181,Yellow,-1
206,22.5,87.5,F59,0,4.28,8.194444444,0.090909091,1.979166667,0,6.233333333,8.194444444,0.090909091,1.979166667,6,6,-6,6,6,0,37.4,-49.16666666,0.545454546,11.875,3.26893943,148,Blue,-1
207,26.5,87.5,F60,4.5,4.5,12.91666667,0.7,5.416666667,4.5,6.233333333,12.91666667,0.7,5.416666667,1,6,-6,6,-6,4.5,37.4,-77.50000002,4.2,-32.5,-319.5000001,199,Yellow,-1
208,25.5,87.5,F61,5.753333333,5.753333333,9.611111111,1.4,0.8,5.753333333,6.233333333,9.611111111,1.4,0.8,-6,-6,-6,6,6,-34.52,-37.4,-57.66666667,8.4,4.8,-581.9333334,221,Black,-1
209,18.5,88.5,0,5.491666667,5.491666667,11.58333333,2.25,0.5,5.491666667,6.233333333,11.58333333,2.25,0.5,-6,3,-6,6,6,-32.95,18.7,-69.49999998,13.5,3,-336.2499999,203,Yellow,-1
210,19.5,88.5,0,8.35,8.35,0,0,0.166666667,8.35,6.233333333,0,0,0.166666667,-6,-6,6,6,6,-50.1,-37.4,0,0,1.000000002,-432.5,216,Black,-1
211,20.5,88.5,0,4.983333333,4.983333333,7.166666667,3,0.05,4.983333333,6.233333333,7.166666667,3,0.05,1,6,-6,6,6,4.983333333,37.4,-43,18,0.3,88.41666667,116,Pink,-1
212,21.5,88.5,0,5.413333333,5.413333333,14.61111111,0,0,5.413333333,6.233333333,14.61111111,0,0,-6,3,-6,6,6,-32.48,18.7,-87.66666666,0,0,-507.2333333,219,Black,-1
213,26.5,88.5,0,3.403448276,3.403448276,17.44444444,0,0.542857143,3.403448276,6.233333333,17.44444444,0,0.542857143,1,6,-6,6,6,3.403448276,37.4,-104.6666666,0,3.257142858,-303.0303773,197,Yellow,-1
214,27.5,88.5,0,2.733333333,2.733333333,3.388888889,2.266666667,0,2.733333333,6.233333333,3.388888889,2.266666667,0,1,6,1,6,6,2.733333333,37.4,3.388888889,13.6,0,285.6111111,38,Orange,-1
215,28.5,88.5,0,2.77,2.77,3.886363636,0.3,0,2.77,6.233333333,3.886363636,0.3,0,1,6,1,6,6,2.77,37.4,3.886363636,1.8,0,229.2818182,81,Brown,-1
216,29.5,88.5,0,1.6,1.6,9.275362319,0.8,0.7,1.6,6.233333333,9.275362319,0.8,0.7,6,6,-6,6,6,9.6,37.4,-55.65217391,4.8,4.2,1.73913045,150,Purple,-1
217,30.5,88.5,0,4.785,0,0,0,0.65,4.785,6.233333333,0,0,0.65,1,6,6,6,6,4.785,37.4,0,0,3.9,230.425,80,Brown,-1
218,23.5,88.5,1,3.8,3.8,5.5,0.2,7.333333333,3.8,6.233333333,5.5,0.2,7.333333333,1,6,-6,6,6,3.8,37.4,-33,1.2,44,267,51,Orange,-1
219,22.5,88.5,F62,6.78,6.78,8.5,0.8,0,6.78,6.233333333,8.5,0.8,0,-6,-6,-6,6,-6,-40.68,-37.4,-51,4.8,0,-621.4,223,Black,-1
220,24.5,88.5,F63,4.3,4.3,21.16666667,1,0,4.3,6.233333333,21.16666667,1,0,1,6,-6,6,6,4.3,37.4,-127,6,0,-396.5,213,Black,-1
221,25.5,88.5,F64,0,4.213333333,13,0.666666667,0,0,6.233333333,13,0.666666667,0,6,6,-6,6,6,0,37.4,-78,4.000000002,0,-183,185,Yellow,-1
222,18.5,89.5,0,5.48,0,0,0,0,5.48,6.233333333,0,0,0,-6,6,6,6,6,-32.88,37.4,0,0,0,22.6,139,Blue,-1
223,19.5,89.5,0,2.917647059,0,0,0,1.2,2.917647059,6.233333333,0,0,1.2,1,6,6,6,6,2.917647059,37.4,0,0,7.2,237.5882353,72,Brown,-1
224,20.5,89.5,0,3.344,0,0,0,0.8,3.344,6.233333333,0,0,0.8,1,6,6,6,6,3.344,37.4,0,0,4.8,227.72,84,Brown,-1
225,24.5,89.5,0,3.68,0,0,0,0,3.68,6.233333333,0,0,0,1,6,6,6,6,3.68,37.4,0,0,0,205.4,98,Pink,-1
226,25.5,89.5,0,4.917647059,0,0,0,0,4.917647059,6.233333333,0,0,0,1,6,6,6,6,4.917647059,37.4,0,0,0,211.5882353,96,Pink,-1
227,26.5,89.5,0,4.563636364,0,0,0,2.866666667,4.563636364,6.233333333,0,0,2.866666667,1,6,6,6,6,4.563636364,37.4,0,0,17.2,295.8181818,31,Orange,-1
228,27.5,89.5,0,3.26,0,0,0,2.9,3.26,6.233333333,0,0,2.9,1,6,6,6,6,3.26,37.4,0,0,17.4,290.3,32,Orange,-1
229,28.5,89.5,0,1.70625,0,0,0,0,1.70625,6.233333333,0,0,0,6,6,6,6,6,10.2375,37.4,0,0,0,238.1875,71,Brown,-1
230,29.5,89.5,0,1.58,0,0,0,1.545454545,1.58,6.233333333,0,0,1.545454545,6,6,6,6,6,9.48,37.4,0,0,9.27272727,280.7636364,41,Orange,-1
231,30.5,89.5,0,6.9,0,0,0,0,6.9,6.233333333,0,0,0,-6,6,6,6,6,-41.4,37.4,0,0,0,-20,158,Purple,-1
232,21.5,89.5,F65,5.25,5.25,9.5,3,0,5.25,6.233333333,9.5,3,0,-6,3,-6,6,6,-31.5,18.7,-57,18,0,-259,195,Yellow,-1
233,22.5,89.5,F66,2.78,2.78,3.166666667,0,0.777777778,2.78,6.233333333,3.166666667,0,0.777777778,1,6,6,6,6,2.78,37.4,19,0,4.666666668,319.2333333,16,Green,100
234,23.5,89.5,F67,5.3,5.3,3.833333333,0.8,0.888888889,5.3,6.233333333,3.833333333,0.8,0.888888889,-6,3,1,6,6,-31.8,18.7,3.833333333,4.8,5.333333334,4.333333335,147,Blue,-1
